<?xml version="1.0"?>
<!DOCTYPE hibernate-mapping PUBLIC "-//Hibernate/Hibernate Mapping DTD 3.0//EN"
"http://www.hibernate.org/dtd/hibernate-mapping-3.0.dtd">
<!-- Generated Aug 17, 2018 5:48:30 PM by Hibernate Tools 4.3.1 -->
<hibernate-mapping>
    <class name="hibclass.Autobus" table="autobus" catalog="autobuskastanica" optimistic-lock="version">
        <id name="id" type="java.lang.Integer">
            <column name="id" />
            <generator class="identity" />
        </id>
        <property name="model" type="string">
            <column name="model" length="30" not-null="true" />
        </property>
        <property name="marka" type="string">
            <column name="marka" length="30" not-null="true" />
        </property>
        <property name="kapacitet" type="int">
            <column name="kapacitet" not-null="true" />
        </property>
    </class>
</hibernate-mapping>
