<?xml version="1.0"?>
<!DOCTYPE hibernate-mapping PUBLIC "-//Hibernate/Hibernate Mapping DTD 3.0//EN"
"http://www.hibernate.org/dtd/hibernate-mapping-3.0.dtd">
<!-- Generated Aug 17, 2018 5:48:30 PM by Hibernate Tools 4.3.1 -->
<hibernate-mapping>
    <class name="hibclass.Cenekartica" table="cenekartica" catalog="autobuskastanica" optimistic-lock="version">
        <id name="zaposlenje" type="string">
            <column name="zaposlenje" length="30" />
            <generator class="assigned" />
        </id>
        <property name="cena" type="java.lang.Integer">
            <column name="cena" />
        </property>
    </class>
</hibernate-mapping>
