<?xml version="1.0"?>
<!DOCTYPE hibernate-mapping PUBLIC "-//Hibernate/Hibernate Mapping DTD 3.0//EN"
"http://www.hibernate.org/dtd/hibernate-mapping-3.0.dtd">
<!-- Generated Aug 17, 2018 5:48:30 PM by Hibernate Tools 4.3.1 -->
<hibernate-mapping>
    <class name="hibclass.Gvozac" table="gvozac" catalog="autobuskastanica" optimistic-lock="version">
        <composite-id name="id" class="hibclass.GvozacId">
            <key-property name="brojLinije" type="string">
                <column name="brojLinije" length="30" />
            </key-property>
            <key-property name="idVozaca" type="int">
                <column name="idVozaca" />
            </key-property>
        </composite-id>
    </class>
</hibernate-mapping>
