<?xml version="1.0"?>
<!DOCTYPE hibernate-mapping PUBLIC "-//Hibernate/Hibernate Mapping DTD 3.0//EN"
"http://www.hibernate.org/dtd/hibernate-mapping-3.0.dtd">
<!-- Generated Aug 17, 2018 5:48:30 PM by Hibernate Tools 4.3.1 -->
<hibernate-mapping>
    <class name="hibclass.Kartica" table="kartica" catalog="autobuskastanica" optimistic-lock="version">
        <id name="uname" type="string">
            <column name="uname" length="30" />
            <generator class="assigned" />
        </id>
        <property name="vrsta" type="string">
            <column name="vrsta" length="30" not-null="true" />
        </property>
        <property name="zahtev" type="java.lang.Integer">
            <column name="zahtev" />
        </property>
    </class>
</hibernate-mapping>
