<?xml version="1.0"?>
<!DOCTYPE hibernate-mapping PUBLIC "-//Hibernate/Hibernate Mapping DTD 3.0//EN"
"http://www.hibernate.org/dtd/hibernate-mapping-3.0.dtd">
<!-- Generated Aug 17, 2018 5:48:30 PM by Hibernate Tools 4.3.1 -->
<hibernate-mapping>
    <class name="hibclass.Korisnik" table="korisnik" catalog="autobuskastanica" optimistic-lock="version">
        <id name="username" type="string">
            <column name="username" length="30" />
            <generator class="assigned" />
        </id>
        <property name="ime" type="string">
            <column name="ime" length="30" not-null="true" />
        </property>
        <property name="prezime" type="string">
            <column name="prezime" length="30" not-null="true" />
        </property>
        <property name="password" type="string">
            <column name="password" length="30" not-null="true" />
        </property>
        <property name="adresa" type="string">
            <column name="adresa" length="30" not-null="true" />
        </property>
        <property name="datumRodjenja" type="date">
            <column name="datumRodjenja" length="10" not-null="true" />
        </property>
        <property name="telefon" type="string">
            <column name="telefon" length="30" not-null="true" />
        </property>
        <property name="zanimanje" type="string">
            <column name="zanimanje" length="30" not-null="true" />
        </property>
        <property name="email" type="string">
            <column name="email" length="30" />
        </property>
        <property name="flagReg" type="java.lang.Integer">
            <column name="flagReg" />
        </property>
    </class>
</hibernate-mapping>
