<?xml version="1.0"?>
<!DOCTYPE hibernate-mapping PUBLIC "-//Hibernate/Hibernate Mapping DTD 3.0//EN"
"http://www.hibernate.org/dtd/hibernate-mapping-3.0.dtd">
<!-- Generated Aug 17, 2018 5:48:30 PM by Hibernate Tools 4.3.1 -->
<hibernate-mapping>
    <class name="hibclass.Mlinija" table="mlinija" catalog="autobuskastanica" optimistic-lock="version">
        <id name="brojLinije" type="int">
            <column name="brojLinije" />
            <generator class="assigned" />
        </id>
        <property name="pocetnoOdrediste" type="string">
            <column name="pocetnoOdrediste" length="50" not-null="true" />
        </property>
        <property name="krajnjeOdrediste" type="string">
            <column name="krajnjeOdrediste" length="50" not-null="true" />
        </property>
        <property name="vremePolaska" type="time">
            <column name="vremePolaska" length="8" />
        </property>
        <property name="datum" type="date">
            <column name="datum" length="10" />
        </property>
        <property name="idPrevoznika" type="int">
            <column name="idPrevoznika" not-null="true" />
        </property>
    </class>
</hibernate-mapping>
