<?xml version="1.0"?>
<!DOCTYPE hibernate-mapping PUBLIC "-//Hibernate/Hibernate Mapping DTD 3.0//EN"
"http://www.hibernate.org/dtd/hibernate-mapping-3.0.dtd">
<!-- Generated Aug 17, 2018 5:48:30 PM by Hibernate Tools 4.3.1 -->
<hibernate-mapping>
    <class name="hibclass.Prevoznik" table="prevoznik" catalog="autobuskastanica" optimistic-lock="version">
        <id name="idPrevoznika" type="java.lang.Integer">
            <column name="idPrevoznika" />
            <generator class="identity" />
        </id>
        <property name="logo" type="string">
            <column name="logo" length="50" />
        </property>
        <property name="naziv" type="string">
            <column name="naziv" length="30" not-null="true" />
        </property>
        <property name="adresa" type="string">
            <column name="adresa" length="30" not-null="true" />
        </property>
        <property name="telefon" type="string">
            <column name="telefon" length="30" not-null="true" />
        </property>
    </class>
</hibernate-mapping>
