<?xml version="1.0"?>
<!DOCTYPE hibernate-mapping PUBLIC "-//Hibernate/Hibernate Mapping DTD 3.0//EN"
"http://www.hibernate.org/dtd/hibernate-mapping-3.0.dtd">
<!-- Generated Aug 17, 2018 5:48:30 PM by Hibernate Tools 4.3.1 -->
<hibernate-mapping>
    <class name="hibclass.Slika" table="slika" catalog="autobuskastanica" optimistic-lock="version">
        <composite-id name="id" class="hibclass.SlikaId">
            <key-property name="idBusa" type="int">
                <column name="idBusa" />
            </key-property>
            <key-property name="redniBroj" type="int">
                <column name="redniBroj" />
            </key-property>
        </composite-id>
        <property name="slika" type="string">
            <column name="slika" length="50" not-null="true" />
        </property>
    </class>
</hibernate-mapping>
