<?xml version="1.0"?>
<!DOCTYPE hibernate-mapping PUBLIC "-//Hibernate/Hibernate Mapping DTD 3.0//EN"
"http://www.hibernate.org/dtd/hibernate-mapping-3.0.dtd">
<!-- Generated Aug 17, 2018 5:48:30 PM by Hibernate Tools 4.3.1 -->
<hibernate-mapping>
    <class name="hibclass.Stajaliste" table="stajaliste" catalog="autobuskastanica" optimistic-lock="version">
        <composite-id name="id" class="hibclass.StajalisteId">
            <key-property name="brojLinije" type="int">
                <column name="brojLinije" />
            </key-property>
            <key-property name="redniBroj" type="int">
                <column name="redniBroj" />
            </key-property>
        </composite-id>
        <property name="k1" type="double">
            <column name="k1" precision="22" scale="0" not-null="true" />
        </property>
        <property name="k2" type="double">
            <column name="k2" precision="22" scale="0" not-null="true" />
        </property>
        <property name="mesto" type="string">
            <column name="mesto" length="30" not-null="true" />
        </property>
        <property name="vremePolaska" type="time">
            <column name="vremePolaska" length="8" not-null="true" />
        </property>
    </class>
</hibernate-mapping>
