<?xml version="1.0"?>
<!DOCTYPE hibernate-mapping PUBLIC "-//Hibernate/Hibernate Mapping DTD 3.0//EN"
"http://www.hibernate.org/dtd/hibernate-mapping-3.0.dtd">
<!-- Generated Aug 17, 2018 5:48:30 PM by Hibernate Tools 4.3.1 -->
<hibernate-mapping>
    <class name="hibclass.Vecrezkarte" table="vecrezkarte" catalog="autobuskastanica" optimistic-lock="version">
        <composite-id name="id" class="hibclass.VecrezkarteId">
            <key-property name="brojLinije" type="int">
                <column name="brojLinije" />
            </key-property>
            <key-property name="datum" type="date">
                <column name="datum" length="10" />
            </key-property>
        </composite-id>
        <property name="broj" type="java.lang.Integer">
            <column name="broj" />
        </property>
    </class>
</hibernate-mapping>
