<?xml version="1.0"?>
<!DOCTYPE hibernate-mapping PUBLIC "-//Hibernate/Hibernate Mapping DTD 3.0//EN"
"http://www.hibernate.org/dtd/hibernate-mapping-3.0.dtd">
<!-- Generated Aug 17, 2018 5:48:30 PM by Hibernate Tools 4.3.1 -->
<hibernate-mapping>
    <class name="hibclass.Vozac" table="vozac" catalog="autobuskastanica" optimistic-lock="version">
        <id name="id" type="java.lang.Integer">
            <column name="id" />
            <generator class="identity" />
        </id>
        <property name="ime" type="string">
            <column name="ime" length="30" not-null="true" />
        </property>
        <property name="prezime" type="string">
            <column name="prezime" length="30" not-null="true" />
        </property>
        <property name="datumRodjenja" type="date">
            <column name="datumRodjenja" length="10" not-null="true" />
        </property>
        <property name="godinaPocetka" type="int">
            <column name="godinaPocetka" not-null="true" />
        </property>
    </class>
</hibernate-mapping>
